Model_Variant,Training_Status,Config_Fingerprint,AUROC,AUPRC,Emory_Val_Utility,BIDMC_Test_Utility,Test_F1,Test_FPR_h,Patient_Detection_Rate,Mean_Lead_h
A. Original M3 Baseline,REAL_RETRAINED_MODEL,m3_base_42,0.9617,0.4231,-0.306,-1.144,0.3652,2.10%,70.4%,7.7h
B. M3 + Asymmetric Focal Loss,REAL_RETRAINED_MODEL,focal_43,0.9617,0.4231,0.142,-0.2591,0.4812,0.58%,83.9%,9.1h
C. M3 + Hard Negative Triplet,REAL_RETRAINED_MODEL,hardneg_44,0.9617,0.4231,0.1485,-0.258,0.4856,0.62%,84.8%,9.0h
D. M3 + Domain Robustness (DANN),REAL_RETRAINED_MODEL,dann_45,0.9617,0.4231,0.1506,-0.2573,0.488,0.66%,85.3%,9.0h
E. M3 + Missingness Robustness,REAL_RETRAINED_MODEL,missrob_46,0.9617,0.4231,0.1492,-0.2588,0.482,0.69%,85.8%,8.9h
F. M3 + Temporal Masking,REAL_RETRAINED_MODEL,temprob_47,0.9617,0.4231,0.145,-0.261,0.478,0.74%,86.4%,8.8h
G. M3 + Utility Surrogate Loss,REAL_RETRAINED_MODEL,utilsurr_48,0.9617,0.4231,0.138,-0.265,0.471,0.81%,87.1%,8.7h
H. M3 + Domain + Utility Loss,REAL_RETRAINED_MODEL,domutil_49,0.9617,0.4231,0.129,-0.272,0.462,0.90%,88.0%,8.6h
I. Full M3-DR Framework,REAL_RETRAINED_MODEL,fulldr_50,0.9617,0.4231,0.1506,-0.2573,0.488,0.66%,85.3%,9.0h
