threshold,utility,auroc,auprc,precision,recall,f1,mean_lead_time_h,caught_ge_6h_pct,caught_ge_1h_pct,late_detection_pct
0.05,-10.7671,0.3636,0.0095,0.0133,1.0,0.0263,37.3,69.32,79.08,0.0
0.06,-10.7671,0.3636,0.0095,0.0133,1.0,0.0263,37.3,69.32,79.08,0.0
0.07,-10.7671,0.3636,0.0095,0.0133,1.0,0.0263,37.3,69.32,79.08,0.0
0.08,-10.7671,0.3636,0.0095,0.0133,1.0,0.0263,37.3,69.32,79.08,0.0
0.09,-10.7671,0.3636,0.0095,0.0133,1.0,0.0263,37.3,69.32,79.08,0.0
0.1,-10.7671,0.3636,0.0095,0.0133,1.0,0.0263,37.3,69.32,79.08,0.0
0.11,-10.7671,0.3636,0.0095,0.0133,1.0,0.0263,37.3,69.32,79.08,0.0
0.12,-10.7671,0.3636,0.0095,0.0133,1.0,0.0263,37.3,69.32,79.08,0.0
0.13,-10.7671,0.3636,0.0095,0.0133,1.0,0.0263,37.3,69.32,79.08,0.0
0.14,-10.7671,0.3636,0.0095,0.0133,1.0,0.0263,37.3,69.32,79.08,0.0
0.15,-10.7671,0.3636,0.0095,0.0133,1.0,0.0263,37.3,69.32,79.08,0.0
0.16,-10.7671,0.3636,0.0095,0.0133,1.0,0.0263,37.3,69.32,79.08,0.0
0.17,-10.7671,0.3636,0.0095,0.0133,1.0,0.0263,37.3,69.32,79.08,0.0
0.18,-10.7671,0.3636,0.0095,0.0133,1.0,0.0263,37.3,69.32,79.08,0.0
0.19,-10.7671,0.3636,0.0095,0.0133,1.0,0.0263,37.3,69.32,79.08,0.0
0.2,-10.7671,0.3636,0.0095,0.0133,1.0,0.0263,37.3,69.32,79.08,0.0
0.21,-10.7671,0.3636,0.0095,0.0133,1.0,0.0263,37.3,69.32,79.08,0.0
0.22,-10.7671,0.3636,0.0095,0.0133,1.0,0.0263,37.3,69.32,79.08,0.0
0.23,-10.7671,0.3636,0.0095,0.0133,1.0,0.0263,37.3,69.32,79.08,0.0
0.24,-10.7671,0.3636,0.0095,0.0133,1.0,0.0263,37.3,69.32,79.08,0.0
0.25,-10.7671,0.3636,0.0095,0.0133,1.0,0.0263,37.3,69.32,79.08,0.0
0.26,-10.7671,0.3636,0.0095,0.0133,1.0,0.0263,37.3,69.32,79.08,0.0
0.27,-10.7671,0.3636,0.0095,0.0133,1.0,0.0263,37.3,69.32,79.08,0.0
0.28,-10.7671,0.3636,0.0095,0.0133,1.0,0.0263,37.3,69.32,79.08,0.0
0.29,-10.7671,0.3636,0.0095,0.0133,1.0,0.0263,37.3,69.32,79.08,0.0
0.3,-10.7671,0.3636,0.0095,0.0133,1.0,0.0263,37.3,69.32,79.08,0.0
0.31,-10.7671,0.3636,0.0095,0.0133,1.0,0.0263,37.3,69.32,79.08,0.0
0.32,-10.7671,0.3636,0.0095,0.0133,1.0,0.0263,37.3,69.32,79.08,0.0
0.33,-10.7671,0.3636,0.0095,0.0133,1.0,0.0263,37.3,69.32,79.08,0.0
0.34,-10.7671,0.3636,0.0095,0.0133,1.0,0.0263,37.3,69.32,79.08,0.0
0.35,-10.7671,0.3636,0.0095,0.0133,1.0,0.0263,37.3,69.32,79.08,0.0
0.36,-10.7671,0.3636,0.0095,0.0133,1.0,0.0263,37.3,69.32,79.08,0.0
0.37,-10.7671,0.3636,0.0095,0.0133,1.0,0.0263,37.3,69.32,79.08,0.0
0.38,-10.7671,0.3636,0.0095,0.0133,1.0,0.0263,37.3,69.32,79.08,0.0
0.39,-10.7671,0.3636,0.0095,0.0133,1.0,0.0263,37.3,69.32,79.08,0.0
0.4,-10.7671,0.3636,0.0095,0.0133,1.0,0.0263,37.3,69.32,79.08,0.0
0.41,-10.7671,0.3636,0.0095,0.0133,1.0,0.0263,37.3,69.32,79.08,0.0
0.42,-10.7671,0.3636,0.0095,0.0133,1.0,0.0263,37.3,69.32,79.08,0.0
0.43,-10.7671,0.3636,0.0095,0.0133,1.0,0.0263,37.3,69.32,79.08,0.0
0.44,-10.7671,0.3636,0.0095,0.0133,1.0,0.0263,37.3,69.32,79.08,0.0
0.45,-10.7671,0.3636,0.0095,0.0133,1.0,0.0263,37.3,69.32,79.08,0.0
0.46,-10.767,0.3636,0.0095,0.0133,0.9999,0.0262,37.3,69.32,79.08,0.0
0.47,-10.766,0.3636,0.0095,0.0133,0.9993,0.0262,37.3,69.32,79.08,0.0
0.48,-10.7561,0.3636,0.0095,0.0133,0.9974,0.0262,37.3,69.32,79.08,0.09
0.49,-10.6917,0.3636,0.0095,0.0132,0.9858,0.0261,37.3,69.32,79.08,0.19
0.5,-10.4296,0.3636,0.0095,0.0129,0.9421,0.0255,37.27,69.23,78.99,2.06
0.51,-9.6141,0.3636,0.0095,0.0121,0.817,0.0238,37.15,69.14,78.52,10.79
0.52,-7.9566,0.3636,0.0095,0.0105,0.5925,0.0206,37.14,68.39,76.55,19.98
0.53,-5.6026,0.3636,0.0095,0.0081,0.3304,0.0158,38.79,66.23,73.55,24.58
0.54,-2.9616,0.3636,0.0095,0.0062,0.1429,0.012,42.84,62.38,67.82,30.68
0.55,-1.022,0.3636,0.0095,0.0053,0.0507,0.0097,48.31,54.03,57.04,42.12
0.56,-0.1486,0.3636,0.0095,0.006,0.0172,0.0089,55.85,39.12,39.87,60.04
0.57,0.0272,0.3636,0.0095,0.0069,0.0046,0.0055,54.24,17.07,17.54,82.46
0.58,0.0215,0.3636,0.0095,0.0059,0.0007,0.0012,52.81,5.35,5.35,94.65
0.59,0.0091,0.3636,0.0095,0.0055,0.0001,0.0002,56.16,1.69,1.69,98.31
0.6,0.0008,0.3636,0.0095,0.0,0.0,0.0,35.0,0.19,0.19,99.81
0.61,-0.0,0.3636,0.0095,0.0,0.0,0.0,0.0,0.0,0.0,100.0
0.62,0.0,0.3636,0.0095,0.0,0.0,0.0,0.0,0.0,0.0,100.0
0.63,0.0,0.3636,0.0095,0.0,0.0,0.0,0.0,0.0,0.0,100.0
0.64,0.0,0.3636,0.0095,0.0,0.0,0.0,0.0,0.0,0.0,100.0
0.65,0.0,0.3636,0.0095,0.0,0.0,0.0,0.0,0.0,0.0,100.0
0.66,0.0,0.3636,0.0095,0.0,0.0,0.0,0.0,0.0,0.0,100.0
0.67,0.0,0.3636,0.0095,0.0,0.0,0.0,0.0,0.0,0.0,100.0
0.68,0.0,0.3636,0.0095,0.0,0.0,0.0,0.0,0.0,0.0,100.0
0.69,0.0,0.3636,0.0095,0.0,0.0,0.0,0.0,0.0,0.0,100.0
0.7,0.0,0.3636,0.0095,0.0,0.0,0.0,0.0,0.0,0.0,100.0
0.71,0.0,0.3636,0.0095,0.0,0.0,0.0,0.0,0.0,0.0,100.0
0.72,0.0,0.3636,0.0095,0.0,0.0,0.0,0.0,0.0,0.0,100.0
0.73,0.0,0.3636,0.0095,0.0,0.0,0.0,0.0,0.0,0.0,100.0
0.74,0.0,0.3636,0.0095,0.0,0.0,0.0,0.0,0.0,0.0,100.0
0.75,0.0,0.3636,0.0095,0.0,0.0,0.0,0.0,0.0,0.0,100.0
0.76,0.0,0.3636,0.0095,0.0,0.0,0.0,0.0,0.0,0.0,100.0
0.77,0.0,0.3636,0.0095,0.0,0.0,0.0,0.0,0.0,0.0,100.0
0.78,0.0,0.3636,0.0095,0.0,0.0,0.0,0.0,0.0,0.0,100.0
0.79,0.0,0.3636,0.0095,0.0,0.0,0.0,0.0,0.0,0.0,100.0
0.8,0.0,0.3636,0.0095,0.0,0.0,0.0,0.0,0.0,0.0,100.0
0.81,0.0,0.3636,0.0095,0.0,0.0,0.0,0.0,0.0,0.0,100.0
0.82,0.0,0.3636,0.0095,0.0,0.0,0.0,0.0,0.0,0.0,100.0
0.83,0.0,0.3636,0.0095,0.0,0.0,0.0,0.0,0.0,0.0,100.0
0.84,0.0,0.3636,0.0095,0.0,0.0,0.0,0.0,0.0,0.0,100.0
0.85,0.0,0.3636,0.0095,0.0,0.0,0.0,0.0,0.0,0.0,100.0
0.86,0.0,0.3636,0.0095,0.0,0.0,0.0,0.0,0.0,0.0,100.0
0.87,0.0,0.3636,0.0095,0.0,0.0,0.0,0.0,0.0,0.0,100.0
0.88,0.0,0.3636,0.0095,0.0,0.0,0.0,0.0,0.0,0.0,100.0
0.89,0.0,0.3636,0.0095,0.0,0.0,0.0,0.0,0.0,0.0,100.0
0.9,0.0,0.3636,0.0095,0.0,0.0,0.0,0.0,0.0,0.0,100.0
0.91,0.0,0.3636,0.0095,0.0,0.0,0.0,0.0,0.0,0.0,100.0
0.92,0.0,0.3636,0.0095,0.0,0.0,0.0,0.0,0.0,0.0,100.0
0.93,0.0,0.3636,0.0095,0.0,0.0,0.0,0.0,0.0,0.0,100.0
0.94,0.0,0.3636,0.0095,0.0,0.0,0.0,0.0,0.0,0.0,100.0
0.95,0.0,0.3636,0.0095,0.0,0.0,0.0,0.0,0.0,0.0,100.0
