Threshold (th),Official Utility,Alert PPV (%),Alert Frequency (/100 days),Patient Coverage (%),Status
0.05,0.520426,12.15,42.5,54.2,Descriptive Sensitivity
0.1,0.622666,15.4,26.8,38.5,Descriptive Sensitivity
0.15,0.654351,17.8,19.5,29.8,Descriptive Sensitivity
0.19,0.655944,18.81,16.99,25.86,Prespecified Operating Point
0.25,0.640674,21.05,13.2,20.4,Descriptive Sensitivity
0.3,0.621805,23.4,10.5,16.8,Descriptive Sensitivity
0.31,0.620532,23.9,9.9,15.9,Descriptive Sensitivity
0.5,0.583403,31.2,5.8,9.2,Descriptive Sensitivity
0.7,0.517381,42.5,2.4,3.8,Descriptive Sensitivity
