Experiment,Policy_Name,Config_Fingerprint,AUROC,AUPRC,Val_Utility,Test_Utility,BIDMC_Oracle_Utility,Status_Flag,Test_FPR_h,Test_Detection_Rate,Mean_Lead_h
A. Original M3 Baseline,"M3Phase16_A(th=0.19, C=36h)",c11bb6899a74,0.961663,0.423062,0.1505588428665344,-0.25731186158018093,-0.23518344798835233,VALID_MODEL,0.66%,"85.3% (909/1,066)",9.0h
B. Values-only Representation,"M3Phase16_B(th=0.46, C=36h)",368a8974ee4e,0.961663,0.423062,0.08974358974358912,-0.2984365228268215,-0.44444965603513553,VALID_MODEL,1.25%,"92.4% (985/1,066)",9.4h
C. Missingness-only Representation,"M3Phase16_C(th=0.44, C=36h)",76d36b5ca330,0.961663,0.423062,0.06423405654174819,-0.32270690014599485,-0.24570043777363418,VALID_MODEL,1.51%,"94.8% (1011/1,066)",9.9h
D. Stable Features Representation,"M3Phase16_D(th=0.48, C=36h)",ea8791dacf4e,0.961663,0.423062,-0.28316896778435163,-0.538555347091936,-0.41470189701901405,VALID_MODEL,0.17%,"64.7% (690/1,066)",6.1h
E. Stable + Physiological Representation,"M3Phase16_E(th=0.40, C=36h)",0ebb239f13e3,0.961663,0.423062,0.15121630506245817,-0.2625026057953137,-0.26881905357517516,VALID_MODEL,0.62%,"84.4% (900/1,066)",8.9h
F. Domain Adversarial (DANN),"M3Phase16_F(th=0.48, C=36h)",8461a7e81cb0,0.961663,0.423062,0.10483234714003914,-0.2787471336252069,-0.26359182822601657,VALID_MODEL,0.57%,"83.3% (888/1,066)",7.9h
G. Stable + Domain Adversarial,"M3Phase16_G(th=0.50, C=36h)",e6686ea05632,0.961663,0.423062,0.043129520052597445,-0.2837294142172654,-0.30584219303734467,VALID_MODEL,1.09%,"91.2% (972/1,066)",9.1h
H. Temporal Domain Adversarial,"M3Phase16_H(th=0.42, C=36h)",8b976b325da1,0.961663,0.423062,0.15055884286653445,-0.26162184698772556,-0.2552793412549746,VALID_MODEL,0.62%,"84.4% (900/1,066)",8.9h
I. FULL Phase-16 Robust Representation,"M3Phase16_I(th=0.48, C=36h)",f2174fb8b14e,0.961663,0.423062,0.1221893491124257,-0.27866895976654565,-0.24030122993540315,VALID_MODEL,0.57%,"83.2% (887/1,066)",8.5h
