Metric Category,Metric Name,Value
Operating Threshold,Prespecified th*,0.190 (BIDMC Val)
Decision Utility,Official Normalized Utility,"+0.655944 (95% CI: [+0.6310, +0.6800])"
Raw Utility Components,U_obs / U_inact / U_best,1514.78 / -9512.44 / 7298.78 pts
Alert Volume,Total Alerts Issued,"5,337 Alerts"
True Positive Alerts,True Positive Sepsis Alerts,"1,004 Alerts"
False Positive Alerts,False Positive Alerts,"4,333 Alerts"
Alert PPV,Alert Precision (PPV),18.81%
Operational Frequency,Operational Frequency,16.99 / 100 patient-days
Patient Coverage,Patient Alert Coverage,"25.86% (5,172 / 20,000 Stays)"
